video_id,title,views,likes,comments,publish_date,engagement_rate,viral_score,publish_day,publish_hour,comment_text,clean_comment,sentiment_score,sentiment_label
WmW5E1bfuOg,Best Camera Phone देख कर Tourist हुए खुश  🤩#shorts,753007,36340,364,2026-01-17 09:04:21+00:00,0.0487432387746727,14754.4,Saturday,9,This content is very relatable and informative,this content is very relatable and informative,0.2,Relatable
I3e7Bh5a520,₹2.5 Lakh AI Dog vs Real Dog 🐕‍🦺#shorts,3787416,101512,436,2026-01-16 09:54:35+00:00,0.0269175606798936,40866.4,Friday,9,This content is very relatable and informative,this content is very relatable and informative,0.2,Relatable
cDC-aloZLuk,iPhone 17 Pro Water Test Till DEAD😵,14094281,700215,5355,2026-01-14 08:15:11+00:00,0.0500607303061433,283299.0,Wednesday,8,This content is very relatable and informative,this content is very relatable and informative,0.2,Relatable
PNWqGdb-Vic,नेता जी को मिला कमाल के Features वाला Phone vivo X300 😯#shorts,1484665,64852,462,2026-01-13 12:31:20+00:00,0.0439924157975031,26218.000000000004,Tuesday,12,This content is very relatable and informative,this content is very relatable and informative,0.2,Relatable
oKYQqvkj-cM,Titanic Raise Reality 🤯 #shorts,1838683,96770,671,2026-01-11 13:11:43+00:00,0.0529949969624997,39110.6,Sunday,13,This content is very relatable and informative,this content is very relatable and informative,0.2,Relatable
3XEcmdzAUAY,पापा के पैसे से लिया Best Gaming Phone : OnePlus 15R 🤩#shorts,3986409,124912,704,2026-01-09 12:30:09+00:00,0.0315110667269715,50387.2,Friday,12,This content is very relatable and informative,this content is very relatable and informative,0.2,Relatable
kWlPSXXMDHY,Top 3 Amazing Kites For Makar Sankranti😛#shorts,19143957,237419,444,2026-01-08 14:36:37+00:00,0.0124249652253188,95234.0,Thursday,14,This content is very relatable and informative,this content is very relatable and informative,0.2,Relatable
1kPLtbgZzeY,I Surprised My Best Friend With a New Car😁#shorts,11450173,258224,1233,2025-12-25 14:33:53+00:00,0.0226596576313737,104029.4,Thursday,14,This content is very relatable and informative,this content is very relatable and informative,0.2,Relatable
_BZFzFlpiKQ,Electric Cycle Vs Normal Cycle कौन जीतेगा Race🧐 #shorts,15126721,237327,526,2025-12-15 08:35:00+00:00,0.0157240290212267,95246.4,Monday,8,This content is very relatable and informative,this content is very relatable and informative,0.2,Relatable
amG5tAXSKkk,Kabaddi Game मै जीता Best Gaming Phone 😍#shorts,1741014,58820,609,2025-11-26 09:18:02+00:00,0.0341347054073086,23893.4,Wednesday,9,This content is very relatable and informative,this content is very relatable and informative,0.2,Relatable
EGyYHFbZPtA,3 Dosto ने खरीदा Diwali में कमाल के फ़ोन😍#shorts,5864109,176675,673,2025-10-15 08:25:52+00:00,0.0302429576257876,71073.8,Wednesday,8,This content is very relatable and informative,this content is very relatable and informative,0.2,Relatable
vW2K0L-vUgw,iPhone 17 Pro Max Dropped In Public 🤯 #shorts,116283811,1927375,4926,2025-09-28 10:10:21+00:00,0.016617111043944,773905.6,Sunday,10,This content is very relatable and informative,this content is very relatable and informative,0.2,Relatable
TM2ihnSvnyA,moto g86 rocked Majnu bhai shocked 🤯#techmaster,1642415,70191,471,2025-07-30 06:30:15+00:00,0.0430232310347871,28359.0,Wednesday,6,This content is very relatable and informative,this content is very relatable and informative,0.2,Relatable
L3DNOD4JrQk,तारा सितारा को मिला कमाल का Upcoming Mobile : iQOO Neo 10 🤯 #shorts,5867807,191416,403,2025-05-09 08:25:00+00:00,0.0326900663229039,76808.20000000001,Friday,8,This content is very relatable and informative,this content is very relatable and informative,0.2,Relatable
RS3sViCh6Ik,दोस्त को दिया Motorola Edge 60 Pro 😍#shorts,2709489,108924,344,2025-05-01 14:54:01+00:00,0.0403278994673903,43776.00000000001,Thursday,14,This content is very relatable and informative,this content is very relatable and informative,0.2,Relatable
BPXg68PC6Es,मैंने मंगाया 2 कमाल के Car Gadgets 🤩#shorts,64723025,1028283,691,2025-04-17 12:29:51+00:00,0.01589811353842,411727.8,Thursday,12,This content is very relatable and informative,this content is very relatable and informative,0.2,Relatable
AG6fVo6h524,सबसे Fast Discharge होने वाला Flagship Phone😲,3761658,194867,6110,2025-03-17 08:25:00+00:00,0.0534277704140036,81612.8,Monday,8,This content is very relatable and informative,this content is very relatable and informative,0.2,Relatable
3WAQXHrPuqY,1500000 का mystery gadgets vs 3 friend कौन मारे गा बाजी 😱#shorts,15042855,405992,457,2025-03-06 09:32:24+00:00,0.0270194055583198,162671.00000000003,Thursday,9,This content is very relatable and informative,this content is very relatable and informative,0.2,Relatable
DXBccuTNtTU,This is a Real Smart Phone🤯- Samsung S25 Ultra series Unpacked Event #shorts  #samsung,5787942,246382,5743,2025-01-23 12:30:11+00:00,0.043560388131049,101998.6,Thursday,12,This content is very relatable and informative,this content is very relatable and informative,0.2,Relatable
xWljUUhGNHY,₹150 Vs ₹15000 Mouse!😱 #shorts,971489,91978,430,2024-11-19 12:45:17+00:00,0.0951199653315683,37049.2,Tuesday,12,This content is very relatable and informative,this content is very relatable and informative,0.2,Relatable
RwQfJJZG4_E,"₹ 4,00,000 का Gaming PC V/S ₹ 2,00,000 का  Mac Studio 🥵 #shorts",15317344,680874,2103,2024-11-16 15:05:00+00:00,0.0445884743464663,273611.4,Saturday,15,This content is very relatable and informative,this content is very relatable and informative,0.2,Relatable
RcUvGN8lZXo,3 Amazing Flight Gadgets 😱#shorts,23177847,401346,502,2024-11-06 11:44:28+00:00,0.0173375896389341,160839.60000000003,Wednesday,11,This content is very relatable and informative,this content is very relatable and informative,0.2,Relatable
BMzzJ2CHNUA,कमाल की है ये अनोखी अंगुठी boAt Smat Ring 🤯#shorts,1713589,87700,379,2024-10-24 15:01:13+00:00,0.0514003066079439,35307.4,Thursday,15,This content is very relatable and informative,this content is very relatable and informative,0.2,Relatable
n5bwCtH1ris,4 Amazing Smart Bathroom Gadgets🤓#shorts,1875636,126581,432,2024-10-18 08:25:00+00:00,0.0677172969595379,50891.6,Friday,8,This content is very relatable and informative,this content is very relatable and informative,0.2,Relatable
XAidJjuh5gk,Top 5 Amazing Cycle Gadgets🤯#shorts,28039273,717476,1150,2024-10-04 12:30:34+00:00,0.0256292664934643,287680.4,Friday,12,This content is very relatable and informative,this content is very relatable and informative,0.2,Relatable
8453RdTR_hk,Subscriber को Gift किया Samsung M55s😱#shorts,14367566,722916,41884,2024-10-03 12:30:10+00:00,0.0532310065601925,314296.80000000005,Thursday,12,This content is very relatable and informative,this content is very relatable and informative,0.2,Relatable
DmVCSeWbl8I,₹5 में 3 Phone Cleaner😍#shorts,6638727,265994,1147,2024-10-02 08:33:58+00:00,0.040239792960307,107085.8,Wednesday,8,This content is very relatable and informative,this content is very relatable and informative,0.2,Relatable
bFAdmkqoWy0,ये है Sabse Value for Money Smartphone on BBD Sale 😍 #shorts  #techmaster,819376,56382,597,2024-09-22 14:05:00+00:00,0.0695395032317275,22911.000000000004,Sunday,14,This content is very relatable and informative,this content is very relatable and informative,0.2,Relatable
Mo_6f1JlfAA,VI 5G V/S JIO 5G V/S AIRTEL 5G : कोन है सब से Fast 👑 #shorts,4889730,242624,847,2024-09-14 15:00:28+00:00,0.0497923198213398,97557.8,Saturday,15,This content is very relatable and informative,this content is very relatable and informative,0.2,Relatable
Pu2UbPJHnzo,Tech Master ने किया अपनी Society में सबसे बड़ा Give Away 😱,6139756,267383,1822,2024-08-20 14:00:25+00:00,0.0438462049631939,108046.4,Tuesday,14,This content is very relatable and informative,this content is very relatable and informative,0.2,Relatable
VyavEahIfok,बारिश से बचने के लिए मगाएं ये 3 Super Gadgets 😲#shorts,26812348,854486,989,2024-07-26 13:30:17+00:00,0.0319060083809146,342387.80000000005,Friday,13,This content is very relatable and informative,this content is very relatable and informative,0.2,Relatable
Rax79q15ecA,5 Star Hotel Tech 90% लोग नहीं जानते 🤯🤯 #shorts #gadgets,1097045,81041,129,2024-07-08 15:48:00+00:00,0.0739896722559238,32493.800000000003,Monday,15,This content is very relatable and informative,this content is very relatable and informative,0.2,Relatable
d06nh3NLfoI,Apple Watch Ultra Exposed 🔥😯 असली सच #shorts,25185306,744313,1012,2024-06-29 13:15:02+00:00,0.0295936448022509,298332.4,Saturday,13,This content is very relatable and informative,this content is very relatable and informative,0.2,Relatable
XM0S_Z_MHbI,₹100 Lighter vs ₹5000 Biggest Lighter!😜😁 #shorts,26014032,906972,779,2024-06-23 07:35:00+00:00,0.034894667616308,363256.20000000007,Sunday,7,This content is very relatable and informative,this content is very relatable and informative,0.2,Relatable
IWCf3mgY5QU,Top 5 features of Moto Edge 50 Ultra! 😊#shorts  #smartphone,1617503,101969,904,2024-06-22 13:15:01+00:00,0.0635998820404042,41330.00000000001,Saturday,13,This content is very relatable and informative,this content is very relatable and informative,0.2,Relatable
--SRGFePEXA,iphone 6s vs iphone 15 Pro Max Unboxing 😋 #shorts,6259776,412361,3415,2024-05-24 13:20:00+00:00,0.0664202680734901,166993.40000000002,Friday,13,This content is very relatable and informative,this content is very relatable and informative,0.2,Relatable
JfcTt-rBLUE,This Car has Luxury Exciting Features 🔥 #car  #tech,41527532,1798987,8738,2024-04-27 14:13:00+00:00,0.0435307593044537,724837.6000000001,Saturday,14,This content is very relatable and informative,this content is very relatable and informative,0.2,Relatable
nYlBGh6A7NU,₹13000 Apple Bottle vs ₹150 Desi Ghada #shorts,9733716,428175,488,2024-04-23 14:00:40+00:00,0.0440389877822611,171562.8,Tuesday,14,This content is very relatable and informative,this content is very relatable and informative,0.2,Relatable
FXuQ3wDfqsg,Free WiFi Access Everywhere 🚨 #shorts,26786727,823659,8955,2024-03-26 14:00:10+00:00,0.0310830808108807,334836.60000000003,Tuesday,14,This content is very relatable and informative,this content is very relatable and informative,0.2,Relatable
SrvtYHM_G00,22000 mAh battery वाला फ़ोन  🤯 The Unihertz Tank #shorts #youtubeshorts,33755431,1415945,41684,2024-03-18 14:00:20+00:00,0.0431820586145085,591388.4,Monday,14,This content is very relatable and informative,this content is very relatable and informative,0.2,Relatable
HwYqgGs3DNk,Dropping an Honor X9B Down Crazy Test-Will It Survive?,14941102,593269,1089,2024-02-18 14:00:20+00:00,0.0397800644155966,237961.0,Sunday,14,This content is very relatable and informative,this content is very relatable and informative,0.2,Relatable
N1OcfQtL35o,iPhone की ऐसी Copy हो जाओगे Confuse😨#shorts,5379174,371811,526,2024-02-09 09:05:00+00:00,0.0692182480061065,149040.0,Friday,9,This content is very relatable and informative,this content is very relatable and informative,0.2,Relatable
1WqyFeWhUlI,Most Unique Old NOKIA : आपका दिमाग हिला देगा 🤯🤯 #shorts,9857797,413959,415,2023-12-06 08:25:00+00:00,0.0420351524787942,165832.6,Wednesday,8,This content is very relatable and informative,this content is very relatable and informative,0.2,Relatable
8AfyQj28RG4,The Strongest Smartphone!,1774102,112024,333,2023-10-26 08:19:00+00:00,0.0633317588278464,45009.40000000001,Thursday,8,This content is very relatable and informative,this content is very relatable and informative,0.2,Relatable
x2lgZSP77bU,Apple iphone Charging Tricks 100% Battery 🤯🤯 #shorts  #techmaster,5371123,391541,659,2023-08-26 08:44:00+00:00,0.0730201114366586,157011.8,Saturday,8,This content is very relatable and informative,this content is very relatable and informative,0.2,Relatable
yI2Xu6zYkeY,ग़ज़ब के 3 Usefull Gadgets 😨…..#short #gadget,3259183,238416,378,2023-07-25 12:49:28+00:00,0.0732680552150646,95593.2,Tuesday,12,This content is very relatable and informative,this content is very relatable and informative,0.2,Relatable
USFNANef1i0,Cheap Gaming Gadget you must try! 😃#shorts,3166125,169565,1085,2023-07-24 08:08:00+00:00,0.0538986931975206,68477.0,Monday,8,This content is very relatable and informative,this content is very relatable and informative,0.2,Relatable
0gixZw-7p7U,Firing on Apple Macbook vs windows 😎 PART 2 #shorts,6807285,394902,3533,2023-07-12 14:05:00+00:00,0.0585306770614128,160080.6,Wednesday,14,This content is very relatable and informative,this content is very relatable and informative,0.2,Relatable
0nm5QxrBfb0,2 Most useful Spy Gadgets😎 #shorts  #youtubeshorts,9410290,662970,442,2023-06-22 09:20:00+00:00,0.0704985712448819,265453.2,Thursday,9,This content is very relatable and informative,this content is very relatable and informative,0.2,Relatable
0VUjckIqkcg,The Most Useless water Flavour Gadget #shorts  #gadgets,1948302,179246,144,2023-06-06 07:55:00+00:00,0.0920750479135164,71784.8,Tuesday,7,This content is very relatable and informative,this content is very relatable and informative,0.2,Relatable
fR7vSW9nslY,ये है सबसे खतरनाक Daily Use gadgets...😱#shorts,1865247,189679,207,2023-06-03 14:00:25+00:00,0.1018020669648577,75995.8,Saturday,14,This content is very relatable and informative,this content is very relatable and informative,0.2,Relatable
AbrAKw4pm9E,Dost को बताई New Laptop लेने की Trick 🤣😂 #shorts  #techmaster,4123643,362715,576,2023-05-09 08:10:00+00:00,0.0880995275294199,145431.6,Tuesday,8,This content is very relatable and informative,this content is very relatable and informative,0.2,Relatable
E0H6ojmnMHo,"5 illegal Gadgets, चलाने वाले जरूर जाने 🤯🤯 #shorts  #techmaster",7409222,556691,1679,2023-03-24 12:19:00+00:00,0.0753614886961141,223683.8,Friday,12,This content is very relatable and informative,this content is very relatable and informative,0.2,Relatable
1az8q3XOiqo,iphone Battery Health : 90% लोग नहीं जानते 😳😳 #shorts  #phone  #techmaster,4302008,376194,872,2023-03-12 13:00:01+00:00,0.0876488374731055,151000.80000000002,Sunday,13,This content is very relatable and informative,this content is very relatable and informative,0.2,Relatable
h4ayMqKRddM,चलिए Apple के Airpods Pro को तोड़ते है 😱😱 #shorts  #techmaster,3894379,327555,1562,2023-03-02 07:37:00+00:00,0.0845107782267724,131959.2,Thursday,7,This content is very relatable and informative,this content is very relatable and informative,0.2,Relatable
AKzp-VMoE6s,Dost की Birthday पार्टी ₹299 के Speaker से 🤣😂 #shorts  #techmaster,3055735,145370,497,2023-02-17 07:00:03+00:00,0.0477354875340957,58446.2,Friday,7,This content is very relatable and informative,this content is very relatable and informative,0.2,Relatable
TA-WTaM43sU,Top 5 Features of Moto e13 *Sasta Smartphone* #shorts  #techmaster  #moto,877731,93493,405,2023-02-08 06:38:00+00:00,0.1069781060484362,37640.2,Wednesday,6,This content is very relatable and informative,this content is very relatable and informative,0.2,Relatable
tvDRL9JDcc4,Hidden iphone Tricks : 90% लोग नहीं जानते 😳😳 #shorts  #phone  #techmaster,4674704,449939,800,2022-12-17 09:00:32+00:00,0.0964208642942954,180455.6,Saturday,9,This content is very relatable and informative,this content is very relatable and informative,0.2,Relatable
ryGQO8YVVsI,ये हैं सबसे सस्ते Cool gadgets...#shorts,35129204,1676564,1081,2022-12-02 07:15:02+00:00,0.0477564194167337,671274.2000000001,Friday,7,This content is very relatable and informative,this content is very relatable and informative,0.2,Relatable
e3Lrz_CCTWk,Apple की खुल गई पोल..Exposed #shorts,16875919,1611261,2950,2022-11-26 12:30:23+00:00,0.0956517390252939,646274.4,Saturday,12,This content is very relatable and informative,this content is very relatable and informative,0.2,Relatable
kmnDwIEq0cQ,Dosto के साथ watch Ultra का popat बना दिया 🤣😂 #shorts  #techmaster,18991083,1074745,1800,2022-11-22 13:35:00+00:00,0.0566868671997273,430978.0,Tuesday,13,This content is very relatable and informative,this content is very relatable and informative,0.2,Relatable
O2CgVIkK_wc,Apple pencil vs Apsara pencil क्या होगा ? #shorts  #techmaster,64510668,2219897,2506,2022-11-21 14:45:01+00:00,0.0344501625684607,889462.4,Monday,14,This content is very relatable and informative,this content is very relatable and informative,0.2,Relatable
ioy493lsY_Y,Apple AirTag will work? 90% लोग नहीं जानते 😳😳 #shorts  #tracking  #mastershorts,4717640,464796,207,2022-10-10 13:21:41+00:00,0.0985668681798526,186042.60000000003,Monday,13,This content is very relatable and informative,this content is very relatable and informative,0.2,Relatable
zaLIUgaWSbs,"500 का Keyboard VS 5,500 का Keyboard.... #shorts #mechnicalkeyboard",19697195,1579755,1108,2022-09-28 12:08:20+00:00,0.0802582804302846,632566.8,Wednesday,12,This content is very relatable and informative,this content is very relatable and informative,0.2,Relatable
T1xkDYh1l4I,Phone में लगाएं time password कोई नहीं खोल पाएगा lock....#shorts,7624514,593195,623,2022-09-01 12:30:08+00:00,0.0778827345585567,237651.8,Thursday,12,This content is very relatable and informative,this content is very relatable and informative,0.2,Relatable
