video_id,title,views,likes,comments,publish_date
WmW5E1bfuOg,Best Camera Phone देख कर Tourist हुए खुश  🤩#shorts,753007,36340,364,2026-01-17T09:04:21Z
I3e7Bh5a520,₹2.5 Lakh AI Dog vs Real Dog 🐕‍🦺#shorts,3787416,101512,436,2026-01-16T09:54:35Z
cDC-aloZLuk,iPhone 17 Pro Water Test Till DEAD😵,14094281,700215,5355,2026-01-14T08:15:11Z
PNWqGdb-Vic,नेता जी को मिला कमाल के Features वाला Phone vivo X300 😯#shorts,1484665,64852,462,2026-01-13T12:31:20Z
oKYQqvkj-cM,Titanic Raise Reality 🤯 #shorts,1838683,96770,671,2026-01-11T13:11:43Z
3XEcmdzAUAY,पापा के पैसे से लिया Best Gaming Phone : OnePlus 15R 🤩#shorts,3986409,124912,704,2026-01-09T12:30:09Z
kWlPSXXMDHY,Top 3 Amazing Kites For Makar Sankranti😛#shorts,19143957,237419,444,2026-01-08T14:36:37Z
1kPLtbgZzeY,I Surprised My Best Friend With a New Car😁#shorts,11450173,258224,1233,2025-12-25T14:33:53Z
_BZFzFlpiKQ,Electric Cycle Vs Normal Cycle कौन जीतेगा Race🧐 #shorts,15126721,237327,526,2025-12-15T08:35:00Z
amG5tAXSKkk,Kabaddi Game मै जीता Best Gaming Phone 😍#shorts,1741014,58820,609,2025-11-26T09:18:02Z
EGyYHFbZPtA,3 Dosto ने खरीदा Diwali में कमाल के फ़ोन😍#shorts,5864109,176675,673,2025-10-15T08:25:52Z
vW2K0L-vUgw,iPhone 17 Pro Max Dropped In Public 🤯 #shorts,116283811,1927375,4926,2025-09-28T10:10:21Z
TM2ihnSvnyA,moto g86 rocked Majnu bhai shocked 🤯#techmaster,1642415,70191,471,2025-07-30T06:30:15Z
L3DNOD4JrQk,तारा सितारा को मिला कमाल का Upcoming Mobile : iQOO Neo 10 🤯 #shorts,5867807,191416,403,2025-05-09T08:25:00Z
RS3sViCh6Ik,दोस्त को दिया Motorola Edge 60 Pro 😍#shorts,2709489,108924,344,2025-05-01T14:54:01Z
BPXg68PC6Es,मैंने मंगाया 2 कमाल के Car Gadgets 🤩#shorts,64723025,1028283,691,2025-04-17T12:29:51Z
AG6fVo6h524,सबसे Fast Discharge होने वाला Flagship Phone😲,3761658,194867,6110,2025-03-17T08:25:00Z
3WAQXHrPuqY,1500000 का mystery gadgets vs 3 friend कौन मारे गा बाजी 😱#shorts,15042855,405992,457,2025-03-06T09:32:24Z
DXBccuTNtTU,This is a Real Smart Phone🤯- Samsung S25 Ultra series Unpacked Event #shorts  #samsung,5787942,246382,5743,2025-01-23T12:30:11Z
xWljUUhGNHY,₹150 Vs ₹15000 Mouse!😱 #shorts,971489,91978,430,2024-11-19T12:45:17Z
RwQfJJZG4_E,"₹ 4,00,000 का Gaming PC V/S ₹ 2,00,000 का  Mac Studio 🥵 #shorts",15317344,680874,2103,2024-11-16T15:05:00Z
RcUvGN8lZXo,3 Amazing Flight Gadgets 😱#shorts,23177847,401346,502,2024-11-06T11:44:28Z
BMzzJ2CHNUA,कमाल की है ये अनोखी अंगुठी boAt Smat Ring 🤯#shorts,1713589,87700,379,2024-10-24T15:01:13Z
n5bwCtH1ris,4 Amazing Smart Bathroom Gadgets🤓#shorts,1875636,126581,432,2024-10-18T08:25:00Z
XAidJjuh5gk,Top 5 Amazing Cycle Gadgets🤯#shorts,28039273,717476,1150,2024-10-04T12:30:34Z
8453RdTR_hk,Subscriber को Gift किया Samsung M55s😱#shorts,14367566,722916,41884,2024-10-03T12:30:10Z
DmVCSeWbl8I,₹5 में 3 Phone Cleaner😍#shorts,6638727,265994,1147,2024-10-02T08:33:58Z
bFAdmkqoWy0,ये है Sabse Value for Money Smartphone on BBD Sale 😍 #shorts  #techmaster,819376,56382,597,2024-09-22T14:05:00Z
Mo_6f1JlfAA,VI 5G V/S JIO 5G V/S AIRTEL 5G : कोन है सब से Fast 👑 #shorts,4889730,242624,847,2024-09-14T15:00:28Z
Pu2UbPJHnzo,Tech Master ने किया अपनी Society में सबसे बड़ा Give Away 😱,6139756,267383,1822,2024-08-20T14:00:25Z
VyavEahIfok,बारिश से बचने के लिए मगाएं ये 3 Super Gadgets 😲#shorts,26812348,854486,989,2024-07-26T13:30:17Z
Rax79q15ecA,5 Star Hotel Tech 90% लोग नहीं जानते 🤯🤯 #shorts #gadgets,1097045,81041,129,2024-07-08T15:48:00Z
d06nh3NLfoI,Apple Watch Ultra Exposed 🔥😯 असली सच #shorts,25185306,744313,1012,2024-06-29T13:15:02Z
XM0S_Z_MHbI,₹100 Lighter vs ₹5000 Biggest Lighter!😜😁 #shorts,26014032,906972,779,2024-06-23T07:35:00Z
IWCf3mgY5QU,Top 5 features of Moto Edge 50 Ultra! 😊#shorts  #smartphone,1617503,101969,904,2024-06-22T13:15:01Z
--SRGFePEXA,iphone 6s vs iphone 15 Pro Max Unboxing 😋 #shorts,6259776,412361,3415,2024-05-24T13:20:00Z
JfcTt-rBLUE,This Car has Luxury Exciting Features 🔥 #car  #tech,41527532,1798987,8738,2024-04-27T14:13:00Z
nYlBGh6A7NU,₹13000 Apple Bottle vs ₹150 Desi Ghada #shorts,9733716,428175,488,2024-04-23T14:00:40Z
FXuQ3wDfqsg,Free WiFi Access Everywhere 🚨 #shorts,26786727,823659,8955,2024-03-26T14:00:10Z
SrvtYHM_G00,22000 mAh battery वाला फ़ोन  🤯 The Unihertz Tank #shorts #youtubeshorts,33755431,1415945,41684,2024-03-18T14:00:20Z
HwYqgGs3DNk,Dropping an Honor X9B Down Crazy Test-Will It Survive?,14941102,593269,1089,2024-02-18T14:00:20Z
N1OcfQtL35o,iPhone की ऐसी Copy हो जाओगे Confuse😨#shorts,5379174,371811,526,2024-02-09T09:05:00Z
1WqyFeWhUlI,Most Unique Old NOKIA : आपका दिमाग हिला देगा 🤯🤯 #shorts,9857797,413959,415,2023-12-06T08:25:00Z
8AfyQj28RG4,The Strongest Smartphone!,1774102,112024,333,2023-10-26T08:19:00Z
x2lgZSP77bU,Apple iphone Charging Tricks 100% Battery 🤯🤯 #shorts  #techmaster,5371123,391541,659,2023-08-26T08:44:00Z
yI2Xu6zYkeY,ग़ज़ब के 3 Usefull Gadgets 😨…..#short #gadget,3259183,238416,378,2023-07-25T12:49:28Z
USFNANef1i0,Cheap Gaming Gadget you must try! 😃#shorts,3166125,169565,1085,2023-07-24T08:08:00Z
0gixZw-7p7U,Firing on Apple Macbook vs windows 😎 PART 2 #shorts,6807285,394902,3533,2023-07-12T14:05:00Z
0nm5QxrBfb0,2 Most useful Spy Gadgets😎 #shorts  #youtubeshorts,9410290,662970,442,2023-06-22T09:20:00Z
0VUjckIqkcg,The Most Useless water Flavour Gadget #shorts  #gadgets,1948302,179246,144,2023-06-06T07:55:00Z
fR7vSW9nslY,ये है सबसे खतरनाक Daily Use gadgets...😱#shorts,1865247,189679,207,2023-06-03T14:00:25Z
AbrAKw4pm9E,Dost को बताई New Laptop लेने की Trick 🤣😂 #shorts  #techmaster,4123643,362715,576,2023-05-09T08:10:00Z
E0H6ojmnMHo,"5 illegal Gadgets, चलाने वाले जरूर जाने 🤯🤯 #shorts  #techmaster",7409222,556691,1679,2023-03-24T12:19:00Z
1az8q3XOiqo,iphone Battery Health : 90% लोग नहीं जानते 😳😳 #shorts  #phone  #techmaster,4302008,376194,872,2023-03-12T13:00:01Z
h4ayMqKRddM,चलिए Apple के Airpods Pro को तोड़ते है 😱😱 #shorts  #techmaster,3894379,327555,1562,2023-03-02T07:37:00Z
AKzp-VMoE6s,Dost की Birthday पार्टी ₹299 के Speaker से 🤣😂 #shorts  #techmaster,3055735,145370,497,2023-02-17T07:00:03Z
TA-WTaM43sU,Top 5 Features of Moto e13 *Sasta Smartphone* #shorts  #techmaster  #moto,877731,93493,405,2023-02-08T06:38:00Z
tvDRL9JDcc4,Hidden iphone Tricks : 90% लोग नहीं जानते 😳😳 #shorts  #phone  #techmaster,4674704,449939,800,2022-12-17T09:00:32Z
ryGQO8YVVsI,ये हैं सबसे सस्ते Cool gadgets...#shorts,35129204,1676564,1081,2022-12-02T07:15:02Z
e3Lrz_CCTWk,Apple की खुल गई पोल..Exposed #shorts,16875919,1611261,2950,2022-11-26T12:30:23Z
kmnDwIEq0cQ,Dosto के साथ watch Ultra का popat बना दिया 🤣😂 #shorts  #techmaster,18991083,1074745,1800,2022-11-22T13:35:00Z
O2CgVIkK_wc,Apple pencil vs Apsara pencil क्या होगा ? #shorts  #techmaster,64510668,2219897,2506,2022-11-21T14:45:01Z
ioy493lsY_Y,Apple AirTag will work? 90% लोग नहीं जानते 😳😳 #shorts  #tracking  #mastershorts,4717640,464796,207,2022-10-10T13:21:41Z
zaLIUgaWSbs,"500 का Keyboard VS 5,500 का Keyboard.... #shorts #mechnicalkeyboard",19697195,1579755,1108,2022-09-28T12:08:20Z
T1xkDYh1l4I,Phone में लगाएं time password कोई नहीं खोल पाएगा lock....#shorts,7624514,593195,623,2022-09-01T12:30:08Z
